post_id,author_name,title,content,post_image_path,timestamp
8cbd43cfc7,Panda,Bengal Tigers in Nepal,"In Nepal, Bengal tigers are primarily found in protected areas like Chitwan and Bardia National Parks. Nepal has seen a significant increase in its tiger population, nearly tripling since 2009, with a population estimated at 355 individuals in 2022 according to the Rapid Transition Alliance. Chitwan National Park is known for its high tiger density and is considered a prime location for tiger sightings according to Exciting Nepal. 
Here's more detail:
National Parks:
Chitwan and Bardia National Parks are the main strongholds for Bengal tigers in Nepal. Parsa National Park also contains a significant tiger population. 
Population Growth:
Nepal has been successful in its tiger conservation efforts, with the population growing from 121 tigers in 2010 to 355 in 2022, according to the 2010 global initiative says Mongabay. This success earned Nepal the TX2 Award in 2022 for doubling its tiger population. 
Conservation Efforts:
Nepal's efforts to protect tigers date back to the 1970s with the establishment of Chitwan National Park. The country's National Parks and Wildlife Conservation Act also lists Bengal tigers as protected species. 
Sightings:
While Chitwan and Bardia are the most reliable places for tiger sightings, there have also been reports of tigers in other areas, including unexpected high-altitude locations, which has sparked interest among wildlife experts. 
Best Time to Visit:
The best time to visit Chitwan for tiger tracking is generally from September to November and March to April, when the vegetation is less dense, providing better visibility. 
Tiger Encounter:
Tiger Encounter offers tours in Chitwan National Park, allowing visitors to observe tigers in their natural habitat while contributing to conservation efforts. ",uploads/images/post_1750324523.jpeg,2025-06-19 15:00:23
051d5e6848,Prajwol,Accidentally dropped my mobile on water.,I am very worried about my mobile phone. Does anyone knows how do i remove water from my mobile?,uploads/images/post_1750324833.jpeg,2025-06-19 15:05:33
